{"cameraMode":{"drawMode":0,"name":"Shaded","section":"Shading Mode"},"sceneLighting":true,"audioPlay":false,"sceneViewState":{"showFog":true,"showMaterialUpdate":false,"showSkybox":true,"showFlares":true,"showImageEffects":false,"showParticleSystems":true},"in2DMode":false,"pivot":{"x":1.503095030784607,"y":1.0475883483886719,"z":-0.2555122375488281},"rotation":{"x":-0.4713391661643982,"y":0.0018497043056413532,"z":-0.0009886125335469843,"w":-0.8819495439529419},"size":26.80664825439453,"orthographic":false}