{"cameraMode":{"drawMode":0,"name":"Shaded","section":"Shading Mode"},"sceneLighting":true,"audioPlay":false,"sceneViewState":{"showFog":true,"showMaterialUpdate":false,"showSkybox":true,"showFlares":true,"showImageEffects":false,"showParticleSystems":true},"in2DMode":false,"pivot":{"x":0.490593820810318,"y":1.1549911499023438,"z":-0.09906578063964844},"rotation":{"x":-0.4713391661643982,"y":0.0018497043056413532,"z":-0.0009886125335469843,"w":-0.8819495439529419},"size":52.29197311401367,"orthographic":false}